"Category","Mean","Lower_CI","Upper_CI"
"Increase",26.8526979789178,0,100
"Maintain",27.9320768162905,0,100
"Not_Sure",26.7881079702343,0,100
"Decrease",29.174367775158,0,100
